timestamp,epoch [val_loss [min]],val_loss [min],training_loss [val_loss [min]],val_acc [val_loss [min]],training_acc [val_loss [min]],epoch [val_acc [max]],val_acc [max],training_loss [val_acc [max]],val_loss [val_acc [max]],training_acc [val_acc [max]],model_path,model_weights_path,model_python_code,model_comment
2017_12_19_23_46_15,43,0.2046969238327595,0.21728127577247466,0.9163090323173949,0.9055258692267106,61,0.9274017467248908,0.1909110121123506,0.21599080714086522,0.9242424242424242,L:\Data Science\GIT\Statoil-C-CORE-Iceberg-Classifier-Challenge\models\model.CNN_2017_12_19_v15_2017_12_19_23_46_15.hdf5,L:\Data Science\GIT\Statoil-C-CORE-Iceberg-Classifier-Challenge\models\weights.CNN_2017_12_19_v15_2017_12_19_23_46_15.hdf5,"
main_input = Input(shape=(75,75,2), name='main_input')
aux_input = Input(shape=(75,75,3), name='aux_input')

#conv layers for main_input
x1 = BatchNormalization()(main_input)
x1 = Conv2D(64, (3,3), activation='relu')(x1)
x1 = MaxPooling2D((2, 2), strides=(2, 2))(x1)
x1 = BatchNormalization()(x1)
x1 = Dropout(0.2)(x1)

#conv layers for aux_input
x2 = BatchNormalization()(aux_input)
x2 = Conv2D(64, (3,3), activation='relu')(x2)
x2 = MaxPooling2D((2, 2), strides=(2, 2))(x2)
x2 = BatchNormalization()(x2)
x2 = Dropout(0.2)(x2)

x = Concatenate(axis=3)([x1,x2])
    
#conv-block
x = Conv2D(128, (3, 3), activation='relu')(x)
x = MaxPooling2D((2, 2), strides=(2, 2))(x)
x = BatchNormalization()(x)
x = Dropout(0.2)(x)

#conv-block
x = Conv2D(256, (3, 3), activation='relu')(x)
x = MaxPooling2D((2, 2), strides=(2, 2))(x)
x = BatchNormalization()(x)
x = Dropout(0.2)(x)

#conv-block
x = Conv2D(256, (3, 3), activation='relu')(x)
x = MaxPooling2D((2, 2), strides=(2, 2))(x)
x = BatchNormalization()(x)
x = Dropout(0.2)(x)
    
    #flatten
x = Flatten()(x)
angle_input = Input(shape=[1], name='angle_input')
merged = Concatenate()([x, angle_input])

    #dense-block
x = Dense(513, activation='relu')(merged)
x = BatchNormalization()(x)
x = Dropout(0.2)(x)

    #dense-block
x = Dense(256, activation='relu')(x)
x = BatchNormalization()(x)
x = Dropout(0.2)(x)

main_output = Dense(1, activation='sigmoid', name='main_output')(x)
model_f = Model(inputs=[main_input,aux_input,angle_input], outputs=[main_output])

model_f.compile(optimizer=Adam(lr=0.001, beta_1=0.9, beta_2=0.999, epsilon=1e-08, decay=0),
loss='binary_crossentropy',
metrics=['accuracy'])",2 CNN inputs with 64 initial conv filters - additional Conv2D MaxPooling block
2017_12_20_00_39_34,56,0.19924122858873883,0.17063755264469221,0.9181222707423581,0.9385026737967914,63,0.9252183406113537,0.15707911983955777,0.20313556463250232,0.9367201426024956,L:\Data Science\GIT\Statoil-C-CORE-Iceberg-Classifier-Challenge\models\model.CNN_2017_12_19_v15_2017_12_20_00_39_34.hdf5,L:\Data Science\GIT\Statoil-C-CORE-Iceberg-Classifier-Challenge\models\weights.CNN_2017_12_19_v15_2017_12_20_00_39_34.hdf5,"
main_input = Input(shape=(75,75,2), name='main_input')
aux_input = Input(shape=(75,75,3), name='aux_input')

#conv layers for main_input
x1 = BatchNormalization()(main_input)
x1 = Conv2D(64, (3,3), activation='relu')(x1)
x1 = MaxPooling2D((2, 2), strides=(2, 2))(x1)
x1 = BatchNormalization()(x1)
x1 = Dropout(0.2)(x1)

#conv layers for aux_input
x2 = BatchNormalization()(aux_input)
x2 = Conv2D(64, (3,3), activation='relu')(x2)
x2 = MaxPooling2D((2, 2), strides=(2, 2))(x2)
x2 = BatchNormalization()(x2)
x2 = Dropout(0.2)(x2)

x = Concatenate(axis=3)([x1,x2])
    
#conv-block
x = Conv2D(128, (3, 3), activation='relu')(x)
x = MaxPooling2D((2, 2), strides=(2, 2))(x)
x = BatchNormalization()(x)
x = Dropout(0.2)(x)

#conv-block
x = Conv2D(256, (3, 3), activation='relu')(x)
x = MaxPooling2D((2, 2), strides=(2, 2))(x)
x = BatchNormalization()(x)
x = Dropout(0.2)(x)
    
#flatten
x = Flatten()(x)
angle_input = Input(shape=[1], name='angle_input')
merged = Concatenate()([x, angle_input])

#dense-block
x = Dense(513, activation='relu')(merged)
x = BatchNormalization()(x)
x = Dropout(0.2)(x)

#dense-block
x = Dense(256, activation='relu')(x)
x = BatchNormalization()(x)
x = Dropout(0.2)(x)

main_output = Dense(1, activation='sigmoid', name='main_output')(x)
model_f = Model(inputs=[main_input,aux_input,angle_input], outputs=[main_output])

model_f.compile(optimizer=Adam(lr=0.001, beta_1=0.9, beta_2=0.999, epsilon=1e-08, decay=0),
loss='binary_crossentropy',
metrics=['accuracy'])",2 CNN inputs with 64 initial conv filters - then 2 Conv2D MaxPooling blocks
2017_12_20_01_02_41,48,0.17829343346839255,0.19083902271673642,0.9297872477389396,0.9304813022282035,49,0.9417879616148507,0.19048374202002816,0.19022458091595068,0.9215686461504768,L:\Data Science\GIT\Statoil-C-CORE-Iceberg-Classifier-Challenge\models\model.CNN_2017_12_19_v15_2017_12_20_01_02_41.hdf5,L:\Data Science\GIT\Statoil-C-CORE-Iceberg-Classifier-Challenge\models\weights.CNN_2017_12_19_v15_2017_12_20_01_02_41.hdf5,"
main_input = Input(shape=(75,75,2), name='main_input')
aux_input = Input(shape=(75,75,3), name='aux_input')

#conv layers for main_input
x1 = BatchNormalization()(main_input)
x1 = Conv2D(64, (3,3), activation='relu')(x1)
x1 = MaxPooling2D((2, 2), strides=(2, 2))(x1)
x1 = BatchNormalization()(x1)
x1 = Dropout(0.2)(x1)

#conv layers for aux_input
x2 = BatchNormalization()(aux_input)
x2 = Conv2D(64, (3,3), activation='relu')(x2)
x2 = MaxPooling2D((2, 2), strides=(2, 2))(x2)
x2 = BatchNormalization()(x2)
x2 = Dropout(0.2)(x2)

x = Concatenate(axis=3)([x1,x2])
    
#conv-block
x = Conv2D(128, (3, 3), activation='relu')(x)
x = MaxPooling2D((2, 2), strides=(2, 2))(x)
x = BatchNormalization()(x)
x = Dropout(0.2)(x)

#conv-block
x = Conv2D(256, (3, 3), activation='relu')(x)
x = MaxPooling2D((2, 2), strides=(2, 2))(x)
x = BatchNormalization()(x)
x = Dropout(0.2)(x)
    
#flatten
x = Flatten()(x)
angle_input = Input(shape=[1], name='angle_input')
merged = Concatenate()([x, angle_input])

#dense-block
x = Dense(513, activation='relu')(merged)
x = BatchNormalization()(x)
x = Dropout(0.2)(x)

#dense-block
x = Dense(256, activation='relu')(x)
x = BatchNormalization()(x)
x = Dropout(0.2)(x)

main_output = Dense(1, activation='sigmoid', name='main_output')(x)
model_f = Model(inputs=[main_input,aux_input,angle_input], outputs=[main_output])

model_f.compile(optimizer=Adam(lr=0.001, beta_1=0.9, beta_2=0.999, epsilon=1e-08, decay=0),
loss='binary_crossentropy',
metrics=['accuracy'])",2 CNN inputs with 64 initial conv filters - then 2 Conv2D MaxPooling blocks
2017_12_20_01_22_17,48,0.18425725514584398,0.20035999065095728,0.9265957598990583,0.916221053205072,50,0.9376996805111821,0.19099693872871246,0.1910047519702119,0.9286987717776375,L:\Data Science\GIT\Statoil-C-CORE-Iceberg-Classifier-Challenge\models\model.CNN_2017_12_19_v15_2017_12_20_01_22_17.hdf5,L:\Data Science\GIT\Statoil-C-CORE-Iceberg-Classifier-Challenge\models\weights.CNN_2017_12_19_v15_2017_12_20_01_22_17.hdf5,"
main_input = Input(shape=(75,75,2), name='main_input')
aux_input = Input(shape=(75,75,3), name='aux_input')

#conv layers for main_input
x1 = BatchNormalization()(main_input)
x1 = Conv2D(64, (3,3), activation='relu')(x1)
x1 = MaxPooling2D((2, 2), strides=(2, 2))(x1)
x1 = BatchNormalization()(x1)
x1 = Dropout(0.2)(x1)

#conv layers for aux_input
x2 = BatchNormalization()(aux_input)
x2 = Conv2D(64, (3,3), activation='relu')(x2)
x2 = MaxPooling2D((2, 2), strides=(2, 2))(x2)
x2 = BatchNormalization()(x2)
x2 = Dropout(0.2)(x2)

x = Concatenate(axis=3)([x1,x2])
    
#conv-block
x = ZeroPadding2D()(x)
x = Conv2D(128, (3, 3), activation='relu')(x)
x = MaxPooling2D((2, 2), strides=(2, 2))(x)
x = BatchNormalization()(x)
x = Dropout(0.2)(x)

#conv-block
x = ZeroPadding2D()(x)
x = Conv2D(256, (3, 3), activation='relu')(x)
x = MaxPooling2D((2, 2), strides=(2, 2))(x)
x = BatchNormalization()(x)
x = Dropout(0.2)(x)
    
#flatten
x = Flatten()(x)
angle_input = Input(shape=[1], name='angle_input')
merged = Concatenate()([x, angle_input])

#dense-block
x = Dense(513, activation='relu')(merged)
x = BatchNormalization()(x)
x = Dropout(0.2)(x)

#dense-block
x = Dense(256, activation='relu')(x)
x = BatchNormalization()(x)
x = Dropout(0.2)(x)

main_output = Dense(1, activation='sigmoid', name='main_output')(x)
model_f = Model(inputs=[main_input,aux_input,angle_input], outputs=[main_output])

model_f.compile(optimizer=Adam(lr=0.001, beta_1=0.9, beta_2=0.999, epsilon=1e-08, decay=0),
loss='binary_crossentropy',
metrics=['accuracy'])",2 CNN inputs with 64 initial conv filters - then 2 Conv2D MaxPooling blocks
2017_12_20_01_56_17,48,0.19837506121777473,0.21882148349986358,0.9159574630412649,0.9144385253044374,28,0.9272349430964544,0.2577666252214003,0.2069035977311045,0.8894830856093748,L:\Data Science\GIT\Statoil-C-CORE-Iceberg-Classifier-Challenge\models\model.CNN_2017_12_19_v15_2017_12_20_01_56_17.hdf5,L:\Data Science\GIT\Statoil-C-CORE-Iceberg-Classifier-Challenge\models\weights.CNN_2017_12_19_v15_2017_12_20_01_56_17.hdf5,"
main_input = Input(shape=(75,75,2), name='main_input')
aux_input = Input(shape=(75,75,3), name='aux_input')

#conv layers for main_input
x1 = BatchNormalization()(main_input)
x1 = Conv2D(64, (3,3), activation='relu')(x1)
x1 = MaxPooling2D((2, 2), strides=(2, 2))(x1)
x1 = BatchNormalization()(x1)
x1 = Dropout(0.2)(x1)

#conv layers for aux_input
x2 = BatchNormalization()(aux_input)
x2 = Conv2D(64, (3,3), activation='relu')(x2)
x2 = MaxPooling2D((2, 2), strides=(2, 2))(x2)
x2 = BatchNormalization()(x2)
x2 = Dropout(0.2)(x2)

x = Concatenate(axis=3)([x1,x2])
    
#conv-block
x = Conv2D(128, (3, 3), activation='relu')(x)
x = MaxPooling2D((2, 2), strides=(2, 2))(x)
x = BatchNormalization()(x)
x = Dropout(0.2)(x)

#conv-block
x = ZeroPadding2D()(x)
x = Conv2D(256, (3, 3), activation='relu')(x)
x = MaxPooling2D((2, 2), strides=(2, 2))(x)
x = BatchNormalization()(x)
x = Dropout(0.2)(x)
    
#flatten
x = Flatten()(x)
angle_input = Input(shape=[1], name='angle_input')
merged = Concatenate()([x, angle_input])

#dense-block
x = Dense(513, activation='relu')(merged)
x = BatchNormalization()(x)
x = Dropout(0.2)(x)

#dense-block
x = Dense(256, activation='relu')(x)
x = BatchNormalization()(x)
x = Dropout(0.2)(x)

main_output = Dense(1, activation='sigmoid', name='main_output')(x)
model_f = Model(inputs=[main_input,aux_input,angle_input], outputs=[main_output])

model_f.compile(optimizer=Adam(lr=0.001, beta_1=0.9, beta_2=0.999, epsilon=1e-08, decay=0),
loss='binary_crossentropy',
metrics=['accuracy'])",2 CNN inputs with 64 initial conv filters - then 2 Conv2D MaxPooling blocks - higher learning rate - more scheduled decay
2017_12_20_02_13_03,65,0.181029364086212,0.17548067716353719,0.9276595871499245,0.9313725704815299,49,0.9313929462631131,0.20601978268534105,0.18983696621074003,0.9197861179311008,L:\Data Science\GIT\Statoil-C-CORE-Iceberg-Classifier-Challenge\models\model.CNN_2017_12_19_v15_2017_12_20_02_13_03.hdf5,L:\Data Science\GIT\Statoil-C-CORE-Iceberg-Classifier-Challenge\models\weights.CNN_2017_12_19_v15_2017_12_20_02_13_03.hdf5,"
main_input = Input(shape=(75,75,2), name='main_input')
aux_input = Input(shape=(75,75,3), name='aux_input')

#conv layers for main_input
x1 = BatchNormalization()(main_input)
x1 = Conv2D(64, (3,3), activation='relu')(x1)
x1 = MaxPooling2D((2, 2), strides=(2, 2))(x1)
x1 = BatchNormalization()(x1)
x1 = Dropout(0.2)(x1)

#conv layers for aux_input
x2 = BatchNormalization()(aux_input)
x2 = Conv2D(64, (3,3), activation='relu')(x2)
x2 = MaxPooling2D((2, 2), strides=(2, 2))(x2)
x2 = BatchNormalization()(x2)
x2 = Dropout(0.2)(x2)

x = Concatenate(axis=3)([x1,x2])
    
#conv-block
x = Conv2D(128, (3, 3), activation='relu')(x)
x = MaxPooling2D((2, 2), strides=(2, 2))(x)
x = BatchNormalization()(x)
x = Dropout(0.2)(x)

#conv-block
x = ZeroPadding2D()(x)
x = Conv2D(256, (3, 3), activation='relu')(x)
x = MaxPooling2D((2, 2), strides=(2, 2))(x)
x = BatchNormalization()(x)
x = Dropout(0.2)(x)
    
#flatten
x = Flatten()(x)
angle_input = Input(shape=[1], name='angle_input')
merged = Concatenate()([x, angle_input])

#dense-block
x = Dense(513, activation='relu')(merged)
x = BatchNormalization()(x)
x = Dropout(0.2)(x)

#dense-block
x = Dense(256, activation='relu')(x)
x = BatchNormalization()(x)
x = Dropout(0.2)(x)

main_output = Dense(1, activation='sigmoid', name='main_output')(x)
model_f = Model(inputs=[main_input,aux_input,angle_input], outputs=[main_output])

model_f.compile(optimizer=Adam(lr=0.001, beta_1=0.9, beta_2=0.999, epsilon=1e-08, decay=0),
loss='binary_crossentropy',
metrics=['accuracy'])",2 CNN inputs with 64 initial conv filters - then 2 Conv2D MaxPooling blocks - higher learning rate - more scheduled decay
2017_12_20_02_13_03,65,0.181029364086212,0.17548067716353719,0.9276595871499245,0.9313725704815299,49,0.9313929462631131,0.20601978268534105,0.18983696621074003,0.9197861179311008,L:\Data Science\GIT\Statoil-C-CORE-Iceberg-Classifier-Challenge\models\model.CNN_2017_12_19_v15_2017_12_20_02_13_03.hdf5,L:\Data Science\GIT\Statoil-C-CORE-Iceberg-Classifier-Challenge\models\weights.CNN_2017_12_19_v15_2017_12_20_02_13_03.hdf5,"
main_input = Input(shape=(75,75,2), name='main_input')
aux_input = Input(shape=(75,75,3), name='aux_input')

#conv layers for main_input
x1 = BatchNormalization()(main_input)
x1 = Conv2D(64, (3,3), activation='relu')(x1)
x1 = MaxPooling2D((2, 2), strides=(2, 2))(x1)
x1 = BatchNormalization()(x1)
x1 = Dropout(0.2)(x1)

#conv layers for aux_input
x2 = BatchNormalization()(aux_input)
x2 = Conv2D(64, (3,3), activation='relu')(x2)
x2 = MaxPooling2D((2, 2), strides=(2, 2))(x2)
x2 = BatchNormalization()(x2)
x2 = Dropout(0.2)(x2)

x = Concatenate(axis=3)([x1,x2])
    
#conv-block
x = Conv2D(128, (3, 3), activation='relu')(x)
x = MaxPooling2D((2, 2), strides=(2, 2))(x)
x = BatchNormalization()(x)
x = Dropout(0.2)(x)

#conv-block
x = ZeroPadding2D()(x)
x = Conv2D(256, (3, 3), activation='relu')(x)
x = MaxPooling2D((2, 2), strides=(2, 2))(x)
x = BatchNormalization()(x)
x = Dropout(0.2)(x)
    
#flatten
x = Flatten()(x)
angle_input = Input(shape=[1], name='angle_input')
merged = Concatenate()([x, angle_input])

#dense-block
x = Dense(513, activation='relu')(merged)
x = BatchNormalization()(x)
x = Dropout(0.2)(x)

#dense-block
x = Dense(256, activation='relu')(x)
x = BatchNormalization()(x)
x = Dropout(0.2)(x)

main_output = Dense(1, activation='sigmoid', name='main_output')(x)
model_f = Model(inputs=[main_input,aux_input,angle_input], outputs=[main_output])

model_f.compile(optimizer=Adam(lr=0.001, beta_1=0.9, beta_2=0.999, epsilon=1e-08, decay=0),
loss='binary_crossentropy',
metrics=['accuracy'])",2 CNN inputs with 64 initial conv filters - then 2 Conv2D MaxPooling blocks - higher learning rate - more scheduled decay
2017_12_20_02_35_59,48,0.1818879853537742,0.1964337703856555,0.932978735578821,0.9197861160186522,59,0.9393617173458667,0.19309482938624958,0.185062124374065,0.91711231731476,L:\Data Science\GIT\Statoil-C-CORE-Iceberg-Classifier-Challenge\models\model.CNN_2017_12_19_v15_2017_12_20_02_35_59.hdf5,L:\Data Science\GIT\Statoil-C-CORE-Iceberg-Classifier-Challenge\models\weights.CNN_2017_12_19_v15_2017_12_20_02_35_59.hdf5,"
main_input = Input(shape=(75,75,2), name='main_input')
aux_input = Input(shape=(75,75,3), name='aux_input')

#conv layers for main_input
x1 = BatchNormalization()(main_input)
x1 = Conv2D(64, (3,3), activation='relu')(x1)
x1 = MaxPooling2D((2, 2), strides=(2, 2))(x1)
x1 = BatchNormalization()(x1)
x1 = Dropout(0.2)(x1)

#conv layers for aux_input
x2 = BatchNormalization()(aux_input)
x2 = Conv2D(64, (3,3), activation='relu')(x2)
x2 = MaxPooling2D((2, 2), strides=(2, 2))(x2)
x2 = BatchNormalization()(x2)
x2 = Dropout(0.2)(x2)

x = Concatenate(axis=3)([x1,x2])
    
#conv-block
x = Conv2D(128, (3, 3), activation='relu')(x)
x = MaxPooling2D((2, 2), strides=(2, 2))(x)
x = BatchNormalization()(x)
x = Dropout(0.2)(x)

#conv-block
x = Conv2D(256, (3, 3), activation='relu')(x)
x = MaxPooling2D((2, 2), strides=(2, 2))(x)
x = BatchNormalization()(x)
x = Dropout(0.2)(x)
    
#flatten
x = Flatten()(x)
angle_input = Input(shape=[1], name='angle_input')
merged = Concatenate()([x, angle_input])

#dense-block
x = Dense(513, activation='relu')(merged)
x = BatchNormalization()(x)
x = Dropout(0.2)(x)

#dense-block
x = Dense(256, activation='relu')(x)
x = BatchNormalization()(x)
x = Dropout(0.2)(x)

main_output = Dense(1, activation='sigmoid', name='main_output')(x)
model_f = Model(inputs=[main_input,aux_input,angle_input], outputs=[main_output])

model_f.compile(optimizer=Adam(lr=0.001, beta_1=0.9, beta_2=0.999, epsilon=1e-08, decay=0),
loss='binary_crossentropy',
metrics=['accuracy'])",2 CNN inputs with 64 initial conv filters - then 2 Conv2D MaxPooling blocks - no zero padding
2017_12_20_02_58_27,49,0.17990287057203463,0.180516092375638,0.9189189337891006,0.9286987730526032,45,0.9372340598004929,0.21242931437364873,0.18267454777626282,0.9117647262818036,L:\Data Science\GIT\Statoil-C-CORE-Iceberg-Classifier-Challenge\models\model.CNN_2017_12_19_v15_2017_12_20_02_58_27.hdf5,L:\Data Science\GIT\Statoil-C-CORE-Iceberg-Classifier-Challenge\models\weights.CNN_2017_12_19_v15_2017_12_20_02_58_27.hdf5,"
main_input = Input(shape=(75,75,2), name='main_input')
aux_input = Input(shape=(75,75,3), name='aux_input')

#conv layers for main_input
x1 = BatchNormalization()(main_input)
x1 = Conv2D(64, (5,5), activation='relu')(x1)
x1 = MaxPooling2D((2, 2), strides=(2, 2))(x1)
x1 = BatchNormalization()(x1)
x1 = Dropout(0.2)(x1)

#conv layers for aux_input
x2 = BatchNormalization()(aux_input)
x2 = Conv2D(64, (5,5), activation='relu')(x2)
x2 = MaxPooling2D((2, 2), strides=(2, 2))(x2)
x2 = BatchNormalization()(x2)
x2 = Dropout(0.2)(x2)

x = Concatenate(axis=3)([x1,x2])
    
#conv-block
x = Conv2D(128, (5, 5), activation='relu')(x)
x = MaxPooling2D((2, 2), strides=(2, 2))(x)
x = BatchNormalization()(x)
x = Dropout(0.2)(x)

#conv-block
x = Conv2D(256, (5, 5), activation='relu')(x)
x = MaxPooling2D((2, 2), strides=(2, 2))(x)
x = BatchNormalization()(x)
x = Dropout(0.2)(x)
    
#flatten
x = Flatten()(x)
angle_input = Input(shape=[1], name='angle_input')
merged = Concatenate()([x, angle_input])

#dense-block
x = Dense(513, activation='relu')(merged)
x = BatchNormalization()(x)
x = Dropout(0.2)(x)

#dense-block
x = Dense(256, activation='relu')(x)
x = BatchNormalization()(x)
x = Dropout(0.2)(x)

main_output = Dense(1, activation='sigmoid', name='main_output')(x)
model_f = Model(inputs=[main_input,aux_input,angle_input], outputs=[main_output])

model_f.compile(optimizer=Adam(lr=0.001, beta_1=0.9, beta_2=0.999, epsilon=1e-08, decay=0),
loss='binary_crossentropy',
metrics=['accuracy'])","2 CNN inputs 5,5 conv filters"
2017_12_20_06_45_11,11,0.30192106657839834,0.2968545525787986,0.8744681038755051,0.8778966333776872,39,0.8765957680154354,0.15637057254658662,0.3597026164227344,0.9402852256030323,L:\Data Science\GIT\Statoil-C-CORE-Iceberg-Classifier-Challenge\models\model.CNN_2017_12_19_v15_2017_12_20_06_45_11.hdf5,L:\Data Science\GIT\Statoil-C-CORE-Iceberg-Classifier-Challenge\models\weights.CNN_2017_12_19_v15_2017_12_20_06_45_11.hdf5,"
main_input = Input(shape=(75,75,2), name='main_input')
aux_input = Input(shape=(75,75,3), name='aux_input')

#conv layers for main_input
x1 = BatchNormalization()(main_input)
x1 = Conv2D(64, (3,3), activation='relu')(x1)
x1 = MaxPooling2D((2, 2), strides=(2, 2))(x1)
x1 = BatchNormalization()(x1)
x1 = Dropout(0.2)(x1)

#conv layers for aux_input
x2 = BatchNormalization()(aux_input)
x2 = Conv2D(64, (3,3), activation='relu')(x2)
x2 = MaxPooling2D((2, 2), strides=(2, 2))(x2)
x2 = BatchNormalization()(x2)
x2 = Dropout(0.2)(x2)

x = Concatenate(axis=3)([x1,x2])
    
#conv-block
x = Conv2D(128, (3, 3), activation='relu')(x)
x = MaxPooling2D((2, 2), strides=(2, 2))(x)
x = BatchNormalization()(x)
x = Dropout(0.2)(x)

#conv-block
x = Conv2D(256, (3, 3), activation='relu')(x)
x = MaxPooling2D((2, 2), strides=(2, 2))(x)
x = BatchNormalization()(x)
x = Dropout(0.2)(x)
    
#flatten
x = Flatten()(x)
angle_input = Input(shape=[1], name='angle_input')
merged = Concatenate()([x, angle_input])

#dense-block
x = Dense(513, activation='relu')(merged)
x = BatchNormalization()(x)
x = Dropout(0.2)(x)

#dense-block
x = Dense(256, activation='relu')(x)
x = BatchNormalization()(x)
x = Dropout(0.2)(x)

main_output = Dense(1, activation='sigmoid', name='main_output')(x)
model_f = Model(inputs=[main_input,aux_input,angle_input], outputs=[main_output])

model_f.compile(optimizer=Adam(lr=0.001, beta_1=0.9, beta_2=0.999, epsilon=1e-08, decay=0),
loss='binary_crossentropy',
metrics=['accuracy'])","2 CNN inputs 3,3 conv filters - wavelet denoising + regional filtering"
2017_12_20_07_09_27,17,0.27874268642131317,0.24112909793216278,0.8989361965909918,0.9001782740501159,17,0.8989361965909918,0.24112909793216278,0.27874268642131317,0.9001782740501159,L:\Data Science\GIT\Statoil-C-CORE-Iceberg-Classifier-Challenge\models\model.CNN_2017_12_19_v15_2017_12_20_07_09_27.hdf5,L:\Data Science\GIT\Statoil-C-CORE-Iceberg-Classifier-Challenge\models\weights.CNN_2017_12_19_v15_2017_12_20_07_09_27.hdf5,"
main_input = Input(shape=(75,75,2), name='main_input')
aux_input = Input(shape=(75,75,3), name='aux_input')

#conv layers for main_input
x1 = BatchNormalization()(main_input)
x1 = Conv2D(64, (3,3), activation='relu')(x1)
x1 = MaxPooling2D((2, 2), strides=(2, 2))(x1)
x1 = BatchNormalization()(x1)
x1 = Dropout(0.2)(x1)

#conv layers for aux_input
x2 = BatchNormalization()(aux_input)
x2 = Conv2D(64, (3,3), activation='relu')(x2)
x2 = MaxPooling2D((2, 2), strides=(2, 2))(x2)
x2 = BatchNormalization()(x2)
x2 = Dropout(0.2)(x2)

x = Concatenate(axis=3)([x1,x2])
    
#conv-block
x = Conv2D(128, (3, 3), activation='relu')(x)
x = MaxPooling2D((2, 2), strides=(2, 2))(x)
x = BatchNormalization()(x)
x = Dropout(0.2)(x)

#conv-block
x = Conv2D(256, (3, 3), activation='relu')(x)
x = MaxPooling2D((2, 2), strides=(2, 2))(x)
x = BatchNormalization()(x)
x = Dropout(0.2)(x)
    
#flatten
x = Flatten()(x)
angle_input = Input(shape=[1], name='angle_input')
merged = Concatenate()([x, angle_input])

#dense-block
x = Dense(513, activation='relu')(merged)
x = BatchNormalization()(x)
x = Dropout(0.2)(x)

#dense-block
x = Dense(256, activation='relu')(x)
x = BatchNormalization()(x)
x = Dropout(0.2)(x)

main_output = Dense(1, activation='sigmoid', name='main_output')(x)
model_f = Model(inputs=[main_input,aux_input,angle_input], outputs=[main_output])

model_f.compile(optimizer=Adam(lr=0.001, beta_1=0.9, beta_2=0.999, epsilon=1e-08, decay=0),
loss='binary_crossentropy',
metrics=['accuracy'])","2 CNN inputs 3,3 conv filters - wavelet denoising + regional filtering"
2017_12_20_07_28_19,48,0.23897956736544346,0.14268796265444017,0.9031915081308243,0.9518716743285643,61,0.9042553191489362,0.10813445896707116,0.25643955197935214,0.9563280053954711,L:\Data Science\GIT\Statoil-C-CORE-Iceberg-Classifier-Challenge\models\model.CNN_2017_12_19_v15_2017_12_20_07_28_19.hdf5,L:\Data Science\GIT\Statoil-C-CORE-Iceberg-Classifier-Challenge\models\weights.CNN_2017_12_19_v15_2017_12_20_07_28_19.hdf5,"
main_input = Input(shape=(75,75,2), name='main_input')
aux_input = Input(shape=(75,75,3), name='aux_input')

#conv layers for main_input
x1 = BatchNormalization()(main_input)
x1 = Conv2D(64, (3,3), activation='relu')(x1)
x1 = MaxPooling2D((2, 2), strides=(2, 2))(x1)
x1 = BatchNormalization()(x1)
x1 = Dropout(0.2)(x1)

#conv layers for aux_input
x2 = BatchNormalization()(aux_input)
x2 = Conv2D(64, (3,3), activation='relu')(x2)
x2 = MaxPooling2D((2, 2), strides=(2, 2))(x2)
x2 = BatchNormalization()(x2)
x2 = Dropout(0.2)(x2)

x = Concatenate(axis=3)([x1,x2])
    
#conv-block
x = Conv2D(128, (3, 3), activation='relu')(x)
x = MaxPooling2D((2, 2), strides=(2, 2))(x)
x = BatchNormalization()(x)
x = Dropout(0.2)(x)

#conv-block
x = Conv2D(256, (3, 3), activation='relu')(x)
x = MaxPooling2D((2, 2), strides=(2, 2))(x)
x = BatchNormalization()(x)
x = Dropout(0.2)(x)
    
#flatten
x = Flatten()(x)
angle_input = Input(shape=[1], name='angle_input')
merged = Concatenate()([x, angle_input])

#dense-block
x = Dense(513, activation='relu')(merged)
x = BatchNormalization()(x)
x = Dropout(0.2)(x)

#dense-block
x = Dense(256, activation='relu')(x)
x = BatchNormalization()(x)
x = Dropout(0.2)(x)

main_output = Dense(1, activation='sigmoid', name='main_output')(x)
model_f = Model(inputs=[main_input,aux_input,angle_input], outputs=[main_output])

model_f.compile(optimizer=Adam(lr=0.001, beta_1=0.9, beta_2=0.999, epsilon=1e-08, decay=0),
loss='binary_crossentropy',
metrics=['accuracy'])","2 CNN inputs 3,3 conv filters - wavelet denoising"
2017_12_20_12_32_07,43,0.20824752455083734,0.18434294656939212,0.9198718152494512,0.9269162454707099,43,0.9198718152494512,0.18434294656939212,0.20824752455083734,0.9269162454707099,L:\Data Science\GIT\Statoil-C-CORE-Iceberg-Classifier-Challenge\models\model.CNN_2017_12_19_v15_2017_12_20_12_32_07.hdf5,L:\Data Science\GIT\Statoil-C-CORE-Iceberg-Classifier-Challenge\models\weights.CNN_2017_12_19_v15_2017_12_20_12_32_07.hdf5,"
def InputBlock(x):
    #conv layers for input
    x = BatchNormalization()(x)
    x = Conv2D(64, (3,3), activation='relu')(x)
    x = MaxPooling2D((2, 2), strides=(2, 2))(x)
    x = BatchNormalization()(x)
    x = Dropout(0.2)(x) 
    return(x)

main_input = Input(shape=(75,75,2), name='main_input')
aux_input = Input(shape=(75,75,3), name='aux_input')
aux_input_wavelet = Input(shape=(75,75,4), name='aux_input_wavelet')
aux_input_nn = Input(shape=(75,75,4), name='aux_input_nn')
aux_input_filter = Input(shape=(75,75,4), name='aux_input_filter')

x1 = InputBlock(main_input)
x2 = InputBlock(aux_input)
x3 = InputBlock(aux_input_wavelet)
x4 = InputBlock(aux_input_nn)
x5 = InputBlock(aux_input_filter)

x = Concatenate(axis=3)([x1,x2,x3,x4,x5])
x = BatchNormalization()(x)
x = Dropout(0.2)(x)

#conv-block
x = Conv2D(128, (3, 3), activation='relu')(x)
x = MaxPooling2D((2, 2), strides=(2, 2))(x)
x = BatchNormalization()(x)
x = Dropout(0.2)(x)

#conv-block
x = Conv2D(256, (3, 3), activation='relu')(x)
x = MaxPooling2D((2, 2), strides=(2, 2))(x)
x = BatchNormalization()(x)
x = Dropout(0.2)(x)
    
#flatten
x = Flatten()(x)
angle_input = Input(shape=[1], name='angle_input')
x1 = BatchNormalization()(angle_input)
merged = Concatenate()([x, x1])

#dense-block
x = Dense(513, activation='relu')(merged)
x = BatchNormalization()(x)
x = Dropout(0.2)(x)

#dense-block
x = Dense(256, activation='relu')(x)
x = BatchNormalization()(x)
x = Dropout(0.2)(x)

main_output = Dense(1, activation='sigmoid', name='main_output')(x)
model_f = Model(inputs=[main_input,aux_input, aux_input_wavelet, aux_input_nn, aux_input_filter,
                        angle_input,], 
                        outputs=[main_output])

model_f.compile(optimizer=Adam(lr=0.001, beta_1=0.9, beta_2=0.999, epsilon=1e-08, decay=0),
loss='binary_crossentropy',
metrics=['accuracy'])","2 CNN inputs 3,3 conv filters - wavelet denoising"
2017_12_20_15_58_15,42,0.23097618804595166,0.28844678465695306,0.8966597393310642,0.8787879083245833,25,0.9029227843613117,0.3563033320580787,0.24626735443859857,0.8386809587903626,L:\Data Science\GIT\Statoil-C-CORE-Iceberg-Classifier-Challenge\models\model.CNN_2017_12_19_v15_2017_12_20_15_58_15.hdf5,L:\Data Science\GIT\Statoil-C-CORE-Iceberg-Classifier-Challenge\models\weights.CNN_2017_12_19_v15_2017_12_20_15_58_15.hdf5,"
def InputBlock(x):
    #conv layers for input
    x = BatchNormalization()(x)
    x = Conv2D(64, (3,3), activation='relu')(x)
    x = MaxPooling2D((2, 2), strides=(2, 2))(x)
    x = BatchNormalization()(x)
    x = Dropout(0.2)(x) 
    return(x)

main_input = Input(shape=(75,75,2), name='main_input')
aux_input = Input(shape=(75,75,3), name='aux_input')
aux_input_wavelet = Input(shape=(75,75,4), name='aux_input_wavelet')
aux_input_nn = Input(shape=(75,75,4), name='aux_input_nn')
aux_input_filter = Input(shape=(75,75,4), name='aux_input_filter')

x1 = InputBlock(main_input)
x2 = InputBlock(aux_input)
x3 = InputBlock(aux_input_wavelet)
x4 = InputBlock(aux_input_nn)
x5 = InputBlock(aux_input_filter)

x = Concatenate(axis=3)([x1,x2,x3,x4,x5])
x = BatchNormalization()(x)
x = Dropout(0.2)(x)

#conv-block
x = Conv2D(128, (3, 3), activation='relu')(x)
x = MaxPooling2D((2, 2), strides=(2, 2))(x)
x = BatchNormalization()(x)
x = Dropout(0.2)(x)

#conv-block
x = Conv2D(256, (3, 3), activation='relu')(x)
x = MaxPooling2D((2, 2), strides=(2, 2))(x)
x = BatchNormalization()(x)
x = Dropout(0.2)(x)
    
#flatten
x = Flatten()(x)
angle_input = Input(shape=[1], name='angle_input')
x1 = BatchNormalization()(angle_input)
merged = Concatenate()([x, x1])

#dense-block
x = Dense(513, activation='relu')(merged)
x = BatchNormalization()(x)
x = Dropout(0.2)(x)

#dense-block
x = Dense(256, activation='relu')(x)
x = BatchNormalization()(x)
x = Dropout(0.2)(x)

main_output = Dense(1, activation='sigmoid', name='main_output')(x)
model_f = Model(inputs=[main_input,aux_input, aux_input_wavelet, aux_input_nn, aux_input_filter,
                        angle_input,], 
                        outputs=[main_output])

model_f.compile(optimizer=Adam(lr=0.001, beta_1=0.9, beta_2=0.999, epsilon=1e-08, decay=0),
loss='binary_crossentropy',
metrics=['accuracy'])","2 CNN inputs 3,3 conv filters - added denoising and filtering inside data generator"
2017_12_20_18_59_45,53,0.22941489103767607,0.235030907201257,0.9006410618113656,0.9055258749640561,49,0.9059829431721288,0.2347430545478103,0.2313982247032671,0.9108734753467608,L:\Data Science\GIT\Statoil-C-CORE-Iceberg-Classifier-Challenge\models\model.CNN_2017_12_19_v15_2017_12_20_18_59_45.hdf5,L:\Data Science\GIT\Statoil-C-CORE-Iceberg-Classifier-Challenge\models\weights.CNN_2017_12_19_v15_2017_12_20_18_59_45.hdf5,"
def InputBlock(x):
    #conv layers for input
    x = BatchNormalization()(x)
    x = Conv2D(64, (3,3), activation='relu')(x)
    x = MaxPooling2D((2, 2), strides=(2, 2))(x)
    x = BatchNormalization()(x)
    x = Dropout(0.2)(x) 
    return(x)

main_input = Input(shape=(75,75,2), name='main_input')
aux_input = Input(shape=(75,75,3), name='aux_input')
aux_input_wavelet = Input(shape=(75,75,4), name='aux_input_wavelet')
aux_input_nn = Input(shape=(75,75,4), name='aux_input_nn')
aux_input_filter = Input(shape=(75,75,4), name='aux_input_filter')
aux_input_dilated = Input(shape=(75,75,4), name='aux_input_dilated')

x1 = InputBlock(main_input)
x2 = InputBlock(aux_input)
x3 = InputBlock(aux_input_wavelet)
x4 = model_denoise(aux_input_nn)
x4 = InputBlock(x4)
x5 = InputBlock(aux_input_filter)
x6 = InputBlock(aux_input_dilated)

x = Concatenate(axis=3)([x1,x2,x3,x4,x5,x6])
x = BatchNormalization()(x)
x = Dropout(0.2)(x)

#conv-block
x = Conv2D(128, (3, 3), activation='relu')(x)
x = MaxPooling2D((2, 2), strides=(2, 2))(x)
x = BatchNormalization()(x)
x = Dropout(0.2)(x)

#conv-block
x = Conv2D(256, (3, 3), activation='relu')(x)
x = MaxPooling2D((2, 2), strides=(2, 2))(x)
x = BatchNormalization()(x)
x = Dropout(0.2)(x)
    
#flatten
x = Flatten()(x)
angle_input = Input(shape=[1], name='angle_input')
x1 = BatchNormalization()(angle_input)
merged = Concatenate()([x, x1])

#dense-block
x = Dense(513, activation='relu')(merged)
x = BatchNormalization()(x)
x = Dropout(0.2)(x)

#dense-block
x = Dense(256, activation='relu')(x)
x = BatchNormalization()(x)
x = Dropout(0.2)(x)

main_output = Dense(1, activation='sigmoid', name='main_output')(x)
model_f = Model(inputs=[main_input,aux_input, 
                        aux_input_wavelet, aux_input_nn, aux_input_filter, aux_input_dilated,
                        angle_input,], 
                        outputs=[main_output])

model_f.compile(optimizer=Adam(lr=0.001, beta_1=0.9, beta_2=0.999, epsilon=1e-08, decay=0),
loss='binary_crossentropy',
metrics=['accuracy'])","2 CNN inputs 3,3 conv filters - added dilated images to inputs"
2017_12_20_22_00_59,69,0.6143012412636253,0.27904188903895294,0.7888707037643208,0.8877005369905482,65,0.795417348608838,0.24543229191698493,0.6285171387823826,0.8903743296383536,/iceberg\models\model.CNN_2017_12_19_v15_2017_12_20_22_00_59.hdf5,/iceberg\models\weights.CNN_2017_12_19_v15_2017_12_20_22_00_59.hdf5,"
def InceptionBlock(x, n_kernels=32, prefix=''):
    path1 = Conv2D(n_kernels, (1,1), padding='same', activation='relu', name=prefix + '11_Conv_1_1')(x)
    
    path2 = Conv2D(n_kernels, (1,1), padding='same', activation='relu', name=prefix + '21_Conv_1_1')(x)
    path2 = Conv2D(n_kernels, (3,3), padding='same', activation='relu', name=prefix + '22_Conv_3_3')(path2)
    
    path3 = Conv2D(n_kernels, (1,1), padding='same', activation='relu', name=prefix + '31_Conv_1_1')(x)
    path3 = Conv2D(n_kernels, (5,5), padding='same', activation='relu', name=prefix + '32_Conv_5_5')(path3)
    
    path4 = MaxPooling2D((3,3), strides=(1,1), padding='same', name=prefix + '41_MaxPool_3_3')(x)
    path4 = Conv2D(n_kernels, (1,1), padding='same', activation='relu', name=prefix + '42_Conv_1_1')(path4)
    
    out = Concatenate(axis=3, name=prefix+'_Inception_end')([path1,path2,path3,path4])
    return(out)

def InputBlock(x, dropout=0.2, prefix=''):
    #conv layers for input
    x = BatchNormalization()(x)
    x = Conv2D(64, (3,3), activation='relu')(x)
    x = MaxPooling2D((2, 2), strides=(2, 2))(x)
    x = BatchNormalization()(x)
    x = Dropout(dropout)(x) 
    x = InceptionBlock(x,prefix=prefix)
    return(x)

main_input = Input(shape=(75,75,2), name='main_input')
aux_input = Input(shape=(75,75,3), name='aux_input')
aux_input_nn = Input(shape=(75,75,4), name='aux_input_nn')

x1 = InputBlock(main_input, prefix='m_input')
x2 = InputBlock(aux_input, prefix='a_input')
x3 = model_denoise(aux_input_nn)
x3 = InputBlock(x3,dropout=0.2, prefix='a_input_nn')

x = Concatenate(axis=3)([x1,x2,x3])
x = BatchNormalization()(x)
x = Dropout(0.2)(x)

x = InceptionBlock(x, prefix='main_path1')
x = BatchNormalization()(x)
x = Dropout(0.2)(x)
x = InceptionBlock(x, prefix='main_path2')
x = BatchNormalization()(x)
x = Dropout(0.2)(x)

#conv-block
x = Conv2D(128, (3, 3), activation='relu')(x)
x = MaxPooling2D((2, 2), strides=(2, 2))(x)
x = BatchNormalization()(x)
x = Dropout(0.2)(x)

#conv-block
x = Conv2D(256, (3, 3), activation='relu')(x)
x = MaxPooling2D((2, 2), strides=(2, 2))(x)
x = BatchNormalization()(x)
x = Dropout(0.2)(x)
    
#flatten
x = Flatten()(x)
angle_input = Input(shape=[1], name='angle_input')
x1 = BatchNormalization()(angle_input)
merged = Concatenate()([x, x1])

#dense-block
x = Dense(513, activation='relu')(merged)
x = BatchNormalization()(x)
x = Dropout(0.2)(x)

#dense-block
x = Dense(256, activation='relu')(x)
x = BatchNormalization()(x)
x = Dropout(0.2)(x)

main_output = Dense(1, activation='sigmoid', name='main_output')(x)
model_f = Model(inputs=[main_input,aux_input, 
                        aux_input_nn, 
                        angle_input,], 
                        outputs=[main_output])

model_f.compile(optimizer=Adam(lr=0.001, beta_1=0.9, beta_2=0.999, epsilon=1e-08, decay=0),
loss='binary_crossentropy',
metrics=['accuracy'])","2 CNN inputs 3,3 conv filters - inception module less inputs"
2017_12_20_22_08_54,45,0.2859043592733961,0.19962601711618283,0.8775933595119175,0.9188948308720308,47,0.8817427393311782,0.1887449964801258,0.31043351277770836,0.9304812836349542,/iceberg\models\model.CNN_2017_12_19_v15_2017_12_20_22_08_54.hdf5,/iceberg\models\weights.CNN_2017_12_19_v15_2017_12_20_22_08_54.hdf5,"
def InceptionBlock(x, n_kernels=32, prefix=''):
    path1 = Conv2D(n_kernels, (1,1), padding='same', activation='relu', name=prefix + '11_Conv_1_1')(x)
    
    path2 = Conv2D(n_kernels, (1,1), padding='same', activation='relu', name=prefix + '21_Conv_1_1')(x)
    path2 = Conv2D(n_kernels, (3,3), padding='same', activation='relu', name=prefix + '22_Conv_3_3')(path2)
    
    path3 = Conv2D(n_kernels, (1,1), padding='same', activation='relu', name=prefix + '31_Conv_1_1')(x)
    path3 = Conv2D(n_kernels, (5,5), padding='same', activation='relu', name=prefix + '32_Conv_5_5')(path3)
    
    path4 = MaxPooling2D((3,3), strides=(1,1), padding='same', name=prefix + '41_MaxPool_3_3')(x)
    path4 = Conv2D(n_kernels, (1,1), padding='same', activation='relu', name=prefix + '42_Conv_1_1')(path4)
    
    out = Concatenate(axis=3, name=prefix+'_Inception_end')([path1,path2,path3,path4])
    return(out)

def InputBlock(x, dropout=0.2, prefix=''):
    #conv layers for input
    x = BatchNormalization()(x)
    x = Conv2D(64, (3,3), activation='relu')(x)
    x = MaxPooling2D((2, 2), strides=(2, 2))(x)
    x = BatchNormalization()(x)
    x = Dropout(dropout)(x) 
    x = InceptionBlock(x,prefix=prefix)
    return(x)

main_input = Input(shape=(75,75,2), name='main_input')
aux_input = Input(shape=(75,75,3), name='aux_input')
aux_input_nn = Input(shape=(75,75,4), name='aux_input_nn')

x1 = InputBlock(main_input, prefix='m_input')
x2 = InputBlock(aux_input, prefix='a_input')
x3 = model_denoise(aux_input_nn)
x3 = InputBlock(x3,dropout=0.2, prefix='a_input_nn')

x = Concatenate(axis=3)([x1,x2,x3])
x = BatchNormalization()(x)
x = Dropout(0.2)(x)

x = InceptionBlock(x, prefix='main_path1')
x = BatchNormalization()(x)
x = Dropout(0.2)(x)
x = InceptionBlock(x, prefix='main_path2')
x = BatchNormalization()(x)
x = Dropout(0.2)(x)

#conv-block
x = Conv2D(128, (3, 3), activation='relu')(x)
x = MaxPooling2D((2, 2), strides=(2, 2))(x)
x = BatchNormalization()(x)
x = Dropout(0.2)(x)

#conv-block
x = Conv2D(256, (3, 3), activation='relu')(x)
x = MaxPooling2D((2, 2), strides=(2, 2))(x)
x = BatchNormalization()(x)
x = Dropout(0.2)(x)
    
#flatten
x = Flatten()(x)
angle_input = Input(shape=[1], name='angle_input')
x1 = BatchNormalization()(angle_input)
merged = Concatenate()([x, x1])

#dense-block
x = Dense(513, activation='relu')(merged)
x = BatchNormalization()(x)
x = Dropout(0.2)(x)

#dense-block
x = Dense(256, activation='relu')(x)
x = BatchNormalization()(x)
x = Dropout(0.2)(x)

main_output = Dense(1, activation='sigmoid', name='main_output')(x)
model_f = Model(inputs=[main_input,aux_input, 
                        aux_input_nn, 
                        angle_input,], 
                        outputs=[main_output])

model_f.compile(optimizer=Adam(lr=0.001, beta_1=0.9, beta_2=0.999, epsilon=1e-08, decay=0),
loss='binary_crossentropy',
metrics=['accuracy'])","VOLTA 2 CNN inputs 3,3 conv filters - inception module less inputs"
2017_12_20_22_23_00,104,0.32769101227467484,0.1596395919189096,0.8755186709625592,0.9313725472134065,57,0.875518671951848,0.15782758614808692,0.352734448256829,0.9376114059684536,/iceberg\models\model.CNN_2017_12_19_v15_2017_12_20_22_23_00.hdf5,/iceberg\models\weights.CNN_2017_12_19_v15_2017_12_20_22_23_00.hdf5,"
def InceptionBlock(x, n_kernels=32, prefix=''):
    path1 = Conv2D(n_kernels, (1,1), padding='same', activation='relu', name=prefix + '11_Conv_1_1')(x)
    
    path2 = Conv2D(n_kernels, (1,1), padding='same', activation='relu', name=prefix + '21_Conv_1_1')(x)
    path2 = Conv2D(n_kernels, (3,3), padding='same', activation='relu', name=prefix + '22_Conv_3_3')(path2)
    
    path3 = Conv2D(n_kernels, (1,1), padding='same', activation='relu', name=prefix + '31_Conv_1_1')(x)
    path3 = Conv2D(n_kernels, (5,5), padding='same', activation='relu', name=prefix + '32_Conv_5_5')(path3)
    
    path4 = MaxPooling2D((3,3), strides=(1,1), padding='same', name=prefix + '41_MaxPool_3_3')(x)
    path4 = Conv2D(n_kernels, (1,1), padding='same', activation='relu', name=prefix + '42_Conv_1_1')(path4)
    
    out = Concatenate(axis=3, name=prefix+'_Inception_end')([path1,path2,path3,path4])
    return(out)

def InputBlock(x, dropout=0.2, prefix=''):
    #conv layers for input
    x = BatchNormalization()(x)
    x = Conv2D(64, (3,3), activation='relu')(x)
    x = MaxPooling2D((2, 2), strides=(2, 2))(x)
    x = BatchNormalization()(x)
    x = Dropout(dropout)(x) 
    x = InceptionBlock(x,prefix=prefix)
    return(x)

main_input = Input(shape=(75,75,2), name='main_input')
aux_input = Input(shape=(75,75,3), name='aux_input')
aux_input_nn = Input(shape=(75,75,4), name='aux_input_nn')

x1 = InputBlock(main_input, prefix='m_input')
x2 = InputBlock(aux_input, prefix='a_input')
x3 = model_denoise(aux_input_nn)
x3 = InputBlock(x3,dropout=0.2, prefix='a_input_nn')

x = Concatenate(axis=3)([x1,x2,x3])
x = BatchNormalization()(x)
x = Dropout(0.2)(x)

x = InceptionBlock(x, prefix='main_path1')
x = BatchNormalization()(x)
x = Dropout(0.2)(x)
x = InceptionBlock(x, prefix='main_path2')
x = BatchNormalization()(x)
x = Dropout(0.2)(x)

#conv-block
x = Conv2D(128, (3, 3), activation='relu')(x)
x = MaxPooling2D((2, 2), strides=(2, 2))(x)
x = BatchNormalization()(x)
x = Dropout(0.2)(x)

#conv-block
x = Conv2D(256, (3, 3), activation='relu')(x)
x = MaxPooling2D((2, 2), strides=(2, 2))(x)
x = BatchNormalization()(x)
x = Dropout(0.2)(x)
    
#flatten
x = Flatten()(x)
angle_input = Input(shape=[1], name='angle_input')
x1 = BatchNormalization()(angle_input)
merged = Concatenate()([x, x1])

#dense-block
x = Dense(513, activation='relu')(merged)
x = BatchNormalization()(x)
x = Dropout(0.2)(x)

#dense-block
x = Dense(256, activation='relu')(x)
x = BatchNormalization()(x)
x = Dropout(0.2)(x)

main_output = Dense(1, activation='sigmoid', name='main_output')(x)
model_f = Model(inputs=[main_input,aux_input, 
                        aux_input_nn, 
                        angle_input,], 
                        outputs=[main_output])

model_f.compile(optimizer=Adam(lr=0.001, beta_1=0.9, beta_2=0.999, epsilon=1e-08, decay=0),
loss='binary_crossentropy',
metrics=['accuracy'])","VOLTA 2 CNN inputs 3,3 conv filters - inception + augmentation angle 30"
2017_12_20_22_23_00,104,0.32769101227467484,0.1596395919189096,0.8755186709625592,0.9313725472134065,57,0.875518671951848,0.15782758614808692,0.352734448256829,0.9376114059684536,/iceberg\models\model.CNN_2017_12_19_v15_2017_12_20_22_23_00.hdf5,/iceberg\models\weights.CNN_2017_12_19_v15_2017_12_20_22_23_00.hdf5,"
def InceptionBlock(x, n_kernels=32, prefix=''):
    path1 = Conv2D(n_kernels, (1,1), padding='same', activation='relu', name=prefix + '11_Conv_1_1')(x)
    
    path2 = Conv2D(n_kernels, (1,1), padding='same', activation='relu', name=prefix + '21_Conv_1_1')(x)
    path2 = Conv2D(n_kernels, (3,3), padding='same', activation='relu', name=prefix + '22_Conv_3_3')(path2)
    
    path3 = Conv2D(n_kernels, (1,1), padding='same', activation='relu', name=prefix + '31_Conv_1_1')(x)
    path3 = Conv2D(n_kernels, (5,5), padding='same', activation='relu', name=prefix + '32_Conv_5_5')(path3)
    
    path4 = MaxPooling2D((3,3), strides=(1,1), padding='same', name=prefix + '41_MaxPool_3_3')(x)
    path4 = Conv2D(n_kernels, (1,1), padding='same', activation='relu', name=prefix + '42_Conv_1_1')(path4)
    
    out = Concatenate(axis=3, name=prefix+'_Inception_end')([path1,path2,path3,path4])
    return(out)

def InputBlock(x, dropout=0.2, prefix=''):
    #conv layers for input
    x = BatchNormalization()(x)
    x = Conv2D(64, (3,3), activation='relu')(x)
    x = MaxPooling2D((2, 2), strides=(2, 2))(x)
    x = BatchNormalization()(x)
    x = Dropout(dropout)(x) 
    x = InceptionBlock(x,prefix=prefix)
    return(x)

main_input = Input(shape=(75,75,2), name='main_input')
aux_input = Input(shape=(75,75,3), name='aux_input')
aux_input_nn = Input(shape=(75,75,4), name='aux_input_nn')

x1 = InputBlock(main_input, prefix='m_input')
x2 = InputBlock(aux_input, prefix='a_input')
x3 = model_denoise(aux_input_nn)
x3 = InputBlock(x3,dropout=0.2, prefix='a_input_nn')

x = Concatenate(axis=3)([x1,x2,x3])
x = BatchNormalization()(x)
x = Dropout(0.2)(x)

x = InceptionBlock(x, prefix='main_path1')
x = BatchNormalization()(x)
x = Dropout(0.2)(x)
x = InceptionBlock(x, prefix='main_path2')
x = BatchNormalization()(x)
x = Dropout(0.2)(x)

#conv-block
x = Conv2D(128, (3, 3), activation='relu')(x)
x = MaxPooling2D((2, 2), strides=(2, 2))(x)
x = BatchNormalization()(x)
x = Dropout(0.2)(x)

#conv-block
x = Conv2D(256, (3, 3), activation='relu')(x)
x = MaxPooling2D((2, 2), strides=(2, 2))(x)
x = BatchNormalization()(x)
x = Dropout(0.2)(x)
    
#flatten
x = Flatten()(x)
angle_input = Input(shape=[1], name='angle_input')
x1 = BatchNormalization()(angle_input)
merged = Concatenate()([x, x1])

#dense-block
x = Dense(513, activation='relu')(merged)
x = BatchNormalization()(x)
x = Dropout(0.2)(x)

#dense-block
x = Dense(256, activation='relu')(x)
x = BatchNormalization()(x)
x = Dropout(0.2)(x)

main_output = Dense(1, activation='sigmoid', name='main_output')(x)
model_f = Model(inputs=[main_input,aux_input, 
                        aux_input_nn, 
                        angle_input,], 
                        outputs=[main_output])

model_f.compile(optimizer=Adam(lr=0.001, beta_1=0.9, beta_2=0.999, epsilon=1e-08, decay=0),
loss='binary_crossentropy',
metrics=['accuracy'])","VOLTA 2 CNN inputs 3,3 conv filters - inception + augmentation angle 30"
2017_12_20_23_03_06,52,0.2964011931567766,0.15257064703314063,0.8796680485559202,0.9438502674859263,59,0.8879668027533535,0.16210410365446365,0.30019666297801795,0.933155080426398,/iceberg\models\model.CNN_2017_12_19_v15_2017_12_20_23_03_06.hdf5,/iceberg\models\weights.CNN_2017_12_19_v15_2017_12_20_23_03_06.hdf5,"
def InceptionBlock(x, n_kernels=32, prefix='', dropout=0.2):
    path1 = Conv2D(n_kernels, (1,1), padding='same', activation='relu', name=prefix + '11_Conv_1_1')(x)
    
    path2 = Conv2D(n_kernels, (1,1), padding='same', activation='relu', name=prefix + '21_Conv_1_1')(x)
    path2 = Conv2D(n_kernels, (3,3), padding='same', activation='relu', name=prefix + '22_Conv_3_3')(path2)
    
    path3 = Conv2D(n_kernels, (1,1), padding='same', activation='relu', name=prefix + '31_Conv_1_1')(x)
    path3 = Conv2D(n_kernels, (5,5), padding='same', activation='relu', name=prefix + '32_Conv_5_5')(path3)
    
    path4 = MaxPooling2D((3,3), strides=(1,1), padding='same', name=prefix + '41_MaxPool_3_3')(x)
    path4 = Conv2D(n_kernels, (1,1), padding='same', activation='relu', name=prefix + '42_Conv_1_1')(path4)
    
    out = Concatenate(axis=3, name=prefix+'_Inception_end')([path1,path2,path3,path4])
    return(out)

def InputBlock(x, dropout=0.2, prefix=''):
    #conv layers for input
    x = BatchNormalization()(x)
    x = Conv2D(64, (3,3), activation='relu')(x)
    x = MaxPooling2D((2, 2), strides=(2, 2))(x)
    x = BatchNormalization()(x)
    x = Dropout(dropout)(x) 
    x = InceptionBlock(x,prefix=prefix, dropout=dropout)
    return(x)

main_input = Input(shape=(75,75,2), name='main_input')
aux_input = Input(shape=(75,75,3), name='aux_input')
aux_input_nn = Input(shape=(75,75,4), name='aux_input_nn')

x1 = InputBlock(main_input, prefix='m_input', dropout=0.1)
x2 = InputBlock(aux_input, prefix='a_input', dropout=0.1)
x3 = model_denoise(aux_input_nn)
x3 = InputBlock(x3,dropout=0.1, prefix='a_input_nn')

x = Concatenate(axis=3)([x1,x2,x3])
x = BatchNormalization()(x)
x = Dropout(0.1)(x)

x = InceptionBlock(x, prefix='main_path1')
x = BatchNormalization()(x)
x = Dropout(0.1)(x)
x = InceptionBlock(x, prefix='main_path2')
x = BatchNormalization()(x)
x = Dropout(0.1)(x)

#conv-block
x = Conv2D(128, (3, 3), activation='relu')(x)
x = MaxPooling2D((2, 2), strides=(2, 2))(x)
x = BatchNormalization()(x)
x = Dropout(0.1)(x)

#conv-block
x = Conv2D(256, (3, 3), activation='relu')(x)
x = MaxPooling2D((2, 2), strides=(2, 2))(x)
x = BatchNormalization()(x)
x = Dropout(0.1)(x)
    
#flatten
x = Flatten()(x)
angle_input = Input(shape=[1], name='angle_input')
x1 = BatchNormalization()(angle_input)
merged = Concatenate()([x, x1])

#dense-block
x = Dense(513, activation='relu')(merged)
x = BatchNormalization()(x)
x = Dropout(0.1)(x)

#dense-block
x = Dense(256, activation='relu')(x)
x = BatchNormalization()(x)
x = Dropout(0.1)(x)

main_output = Dense(1, activation='sigmoid', name='main_output')(x)
model_f = Model(inputs=[main_input,aux_input, 
                        aux_input_nn, 
                        angle_input,], 
                        outputs=[main_output])

model_f.compile(optimizer=Adam(lr=0.001, beta_1=0.9, beta_2=0.999, epsilon=1e-08, decay=0),
loss='binary_crossentropy',
metrics=['accuracy'])","VOLTA 2 CNN inputs 3,3 conv filters - inception + augmentation angle 20, more dropout after inception"
2017_12_20_23_39_40,120,0.21095327056047827,0.15727775598379806,0.9232365113076333,0.9367201418587656,120,0.9232365113076333,0.15727775598379806,0.21095327056047827,0.9367201418587656,/iceberg/models/model.CNN_2017_12_19_v15_2017_12_20_23_39_40.hdf5,/iceberg/models/weights.CNN_2017_12_19_v15_2017_12_20_23_39_40.hdf5,"
def InceptionBlock(x, n_kernels=64, prefix='', dropout=0.2):
    path1 = Conv2D(n_kernels, (1,1), padding='same', activation='relu', name=prefix + '11_Conv_1_1')(x)
    
    path2 = Conv2D(n_kernels, (1,1), padding='same', activation='relu', name=prefix + '21_Conv_1_1')(x)
    path2 = Conv2D(n_kernels, (3,3), padding='same', activation='relu', name=prefix + '22_Conv_3_3')(path2)
    
    path3 = Conv2D(n_kernels, (1,1), padding='same', activation='relu', name=prefix + '31_Conv_1_1')(x)
    path3 = Conv2D(n_kernels, (5,5), padding='same', activation='relu', name=prefix + '32_Conv_5_5')(path3)
    
    path4 = MaxPooling2D((3,3), strides=(1,1), padding='same', name=prefix + '41_MaxPool_3_3')(x)
    path4 = Conv2D(n_kernels, (1,1), padding='same', activation='relu', name=prefix + '42_Conv_1_1')(path4)
    
    out = Concatenate(axis=3, name=prefix+'_Inception_end')([path1,path2,path3,path4])
    return(out)

def InputBlock(x, dropout=0.2, prefix=''):
    #conv layers for input
    x = BatchNormalization()(x)
    x = Conv2D(64, (3,3), activation='relu')(x)
    x = MaxPooling2D((2, 2), strides=(2, 2))(x)
    x = BatchNormalization()(x)
    x = Dropout(dropout)(x) 
    x = InceptionBlock(x,prefix=prefix, dropout=dropout)
    return(x)

main_input = Input(shape=(75,75,2), name='main_input')
aux_input = Input(shape=(75,75,3), name='aux_input')
#aux_input_nn = Input(shape=(75,75,4), name='aux_input_nn')

x1 = InputBlock(main_input, prefix='m_input', dropout=0.2)
x2 = InputBlock(aux_input, prefix='a_input', dropout=0.2)

x = Concatenate(axis=3)([x1,x2])
x = BatchNormalization()(x)
x = Dropout(0.2)(x)

x = InceptionBlock(x, prefix='main_path1')
x = MaxPooling2D((2, 2), strides=(2, 2))(x)
x = BatchNormalization()(x)
x = Dropout(0.2)(x)
x = InceptionBlock(x, n_kernels=128, prefix='main_path2')
x = BatchNormalization()(x)
x = Dropout(0.2)(x)

#conv-block
x = Conv2D(512, (3, 3), activation='relu')(x)
x = MaxPooling2D((2, 2), strides=(2, 2))(x)
x = BatchNormalization()(x)
x = Dropout(0.2)(x)

#conv-block
x = Conv2D(1024, (3, 3), activation='relu')(x)
x = MaxPooling2D((2, 2), strides=(2, 2))(x)
x = BatchNormalization()(x)
x = Dropout(0.2)(x)
    
#flatten
x = Flatten()(x)
angle_input = Input(shape=[1], name='angle_input')
x1 = BatchNormalization()(angle_input)
merged = Concatenate()([x, x1])

#dense-block
x = Dense(2049, activation='relu')(merged)
x = BatchNormalization()(x)
x = Dropout(0.2)(x)

#dense-block
x = Dense(512, activation='relu')(x)
x = BatchNormalization()(x)
x = Dropout(0.2)(x)

main_output = Dense(1, activation='sigmoid', name='main_output')(x)
model_f = Model(inputs=[main_input,aux_input, 
                        #aux_input_nn, 
                        angle_input,], 
                        outputs=[main_output])

model_f.compile(optimizer=Adam(lr=0.001, beta_1=0.9, beta_2=0.999, epsilon=1e-08, decay=0),
loss='binary_crossentropy',
metrics=['accuracy'])","VOLTA 2 CNN inputs 3,3 conv filters - inception + augmentation angle 20, standard dropiout=0.2"
2017_12_21_15_35_25,48,0.19057646812276638,0.18320209019005618,0.9297872492607604,0.9331551006133544,45,0.9308510841207301,0.2149258630479721,0.19536596847341417,0.9090909307653253,L:\Data Science\GIT\Statoil-C-CORE-Iceberg-Classifier-Challenge\models\model.CNN_2017_12_19_v15_2017_12_21_15_35_25.hdf5,L:\Data Science\GIT\Statoil-C-CORE-Iceberg-Classifier-Challenge\models\weights.CNN_2017_12_19_v15_2017_12_21_15_35_25.hdf5,"
def InputBlock(x, dropout=0.2, prefix=''):
    #conv layers for input
    x = BatchNormalization()(x)
    x = Conv2D(64, (3,3), activation='relu')(x)
    x = MaxPooling2D((2, 2), strides=(2, 2))(x)
    x = BatchNormalization()(x)
    x = Dropout(dropout)(x) 
    return(x)

main_input = Input(shape=(75,75,2), name='main_input')
aux_input = Input(shape=(75,75,3), name='aux_input')
#aux_input_nn = Input(shape=(75,75,4), name='aux_input_nn')

x1 = InputBlock(main_input, prefix='m_input')
x2 = InputBlock(aux_input, prefix='a_input')
#x3 = model_denoise(aux_input_nn)
#x3 = InputBlock(x3,dropout=0.2, prefix='a_input_nn')

x = Concatenate(axis=3)([x1,x2])
#x = BatchNormalization()(x)
#x = Dropout(0.2)(x)

#conv-block
x = Conv2D(128, (3, 3), activation='relu')(x)
x = MaxPooling2D((2, 2), strides=(2, 2))(x)
x = BatchNormalization()(x)
x = Dropout(0.2)(x)

#conv-block
x = Conv2D(256, (3, 3), activation='relu')(x)
x = MaxPooling2D((2, 2), strides=(2, 2))(x)
x = BatchNormalization()(x)
x = Dropout(0.2)(x)
    
#flatten
x = Flatten()(x)
angle_input = Input(shape=[1], name='angle_input')
#x1 = BatchNormalization()(angle_input)
merged = Concatenate()([x, angle_input])

#dense-block
x = Dense(513, activation='relu')(merged)
x = BatchNormalization()(x)
x = Dropout(0.2)(x)

#dense-block
x = Dense(256, activation='relu')(x)
x = BatchNormalization()(x)
x = Dropout(0.2)(x)

main_output = Dense(1, activation='sigmoid', name='main_output')(x)
model_f = Model(inputs=[main_input,aux_input, 
                        #aux_input_nn, 
                        angle_input], 
                        outputs=[main_output])

model_f.compile(optimizer=Adam(lr=0.001, beta_1=0.9, beta_2=0.999, epsilon=1e-08, decay=0),
loss='binary_crossentropy',
metrics=['accuracy'])","2 CNN inputs 3,3 conv filters - base model, no denoising, na=mean"
2017_12_21_15_54_42,48,0.16420447065475138,0.1912497282426625,0.9351063961678363,0.9197861166561351,41,0.9404255491621951,0.20312634883398678,0.17102545157391974,0.9206773788533746,L:\Data Science\GIT\Statoil-C-CORE-Iceberg-Classifier-Challenge\models\model.CNN_2017_12_19_v15_2017_12_21_15_54_42.hdf5,L:\Data Science\GIT\Statoil-C-CORE-Iceberg-Classifier-Challenge\models\weights.CNN_2017_12_19_v15_2017_12_21_15_54_42.hdf5,"
def InputBlock(x, dropout=0.2, prefix=''):
    #conv layers for input
    x = BatchNormalization()(x)
    x = Conv2D(64, (3,3), activation='relu')(x)
    x = MaxPooling2D((2, 2), strides=(2, 2))(x)
    x = BatchNormalization()(x)
    x = Dropout(dropout)(x) 
    return(x)

main_input = Input(shape=(75,75,2), name='main_input')
aux_input = Input(shape=(75,75,3), name='aux_input')
#aux_input_nn = Input(shape=(75,75,4), name='aux_input_nn')

x1 = InputBlock(main_input, prefix='m_input')
x2 = InputBlock(aux_input, prefix='a_input')
#x3 = model_denoise(aux_input_nn)
#x3 = InputBlock(x3,dropout=0.2, prefix='a_input_nn')

x = Concatenate(axis=3)([x1,x2])
#x = BatchNormalization()(x)
#x = Dropout(0.2)(x)

#conv-block
x = Conv2D(128, (3, 3), activation='relu')(x)
x = MaxPooling2D((2, 2), strides=(2, 2))(x)
x = BatchNormalization()(x)
x = Dropout(0.2)(x)

#conv-block
x = Conv2D(256, (3, 3), activation='relu')(x)
x = MaxPooling2D((2, 2), strides=(2, 2))(x)
x = BatchNormalization()(x)
x = Dropout(0.2)(x)
    
#flatten
x = Flatten()(x)
angle_input = Input(shape=[1], name='angle_input')
#x1 = BatchNormalization()(angle_input)
merged = Concatenate()([x, angle_input])

#dense-block
x = Dense(513, activation='relu')(merged)
x = BatchNormalization()(x)
x = Dropout(0.2)(x)

#dense-block
x = Dense(256, activation='relu')(x)
x = BatchNormalization()(x)
x = Dropout(0.2)(x)

main_output = Dense(1, activation='sigmoid', name='main_output')(x)
model_f = Model(inputs=[main_input,aux_input, 
                        #aux_input_nn, 
                        angle_input], 
                        outputs=[main_output])

model_f.compile(optimizer=Adam(lr=0.001, beta_1=0.9, beta_2=0.999, epsilon=1e-08, decay=0),
loss='binary_crossentropy',
metrics=['accuracy'])","2 CNN inputs 3,3 conv filters - base model, no denoising, na=0"
<<<<<<< HEAD
2017_12_21_15_21_40,49,0.16693106059064255,0.1686934793696684,0.9329787218824346,0.9349376071583141,43,0.9372340400168236,0.19941232186109625,0.1783580095844066,0.9242424238174357,/iceberg/Statoil-C-CORE-Iceberg-Classifier-Challenge\models\model.CNN_2017_12_19_v15_2017_12_21_15_21_40.hdf5,/iceberg/Statoil-C-CORE-Iceberg-Classifier-Challenge\models\weights.CNN_2017_12_19_v15_2017_12_21_15_21_40.hdf5,"
=======
2017_12_21_16_19_08,52,0.17028858090968843,0.17544335067112815,0.9414893748912405,0.9385026941962421,52,0.9414893748912405,0.17544335067112815,0.17028858090968843,0.9385026941962421,L:\Data Science\GIT\Statoil-C-CORE-Iceberg-Classifier-Challenge\models\model.CNN_2017_12_21_v21_2017_12_21_16_19_08.hdf5,L:\Data Science\GIT\Statoil-C-CORE-Iceberg-Classifier-Challenge\models\weights.CNN_2017_12_21_v21_2017_12_21_16_19_08.hdf5,"
>>>>>>> 385f2bd391011f91a735b79839dbd76c30dfe743
def InputBlock(x, dropout=0.2, prefix=''):
    #conv layers for input
    x = BatchNormalization()(x)
    x = Conv2D(64, (3,3), activation='relu')(x)
    x = MaxPooling2D((2, 2), strides=(2, 2))(x)
    x = BatchNormalization()(x)
    x = Dropout(dropout)(x) 
    return(x)

main_input = Input(shape=(75,75,2), name='main_input')
aux_input = Input(shape=(75,75,3), name='aux_input')
<<<<<<< HEAD
#aux_input_nn = Input(shape=(75,75,4), name='aux_input_nn')

x1 = InputBlock(main_input, prefix='m_input')
x2 = InputBlock(aux_input, prefix='a_input')
#x3 = model_denoise(aux_input_nn)
#x3 = InputBlock(x3,dropout=0.2, prefix='a_input_nn')

x = Concatenate(axis=3)([x1,x2])
#x = BatchNormalization()(x)
#x = Dropout(0.2)(x)

#conv-block
x = Conv2D(128, (3, 3), activation='relu')(x)
x = MaxPooling2D((2, 2), strides=(2, 2))(x)
x = BatchNormalization()(x)
x = Dropout(0.2)(x)

#conv-block
x = Conv2D(256, (3, 3), activation='relu')(x)
x = MaxPooling2D((2, 2), strides=(2, 2))(x)
x = BatchNormalization()(x)
x = Dropout(0.2)(x)
    
#flatten
x = Flatten()(x)
angle_input = Input(shape=[1], name='angle_input')
#x1 = BatchNormalization()(angle_input)
merged = Concatenate()([x, angle_input])

#dense-block
x = Dense(513, activation='relu')(merged)
x = BatchNormalization()(x)
x = Dropout(0.2)(x)

#dense-block
x = Dense(256, activation='relu')(x)
x = BatchNormalization()(x)
x = Dropout(0.2)(x)

main_output = Dense(1, activation='sigmoid', name='main_output')(x)
model_f = Model(inputs=[main_input,aux_input, 
                        #aux_input_nn, 
                        angle_input], 
                        outputs=[main_output])

model_f.compile(optimizer=Adam(lr=0.001, beta_1=0.9, beta_2=0.999, epsilon=1e-08, decay=0),
loss='binary_crossentropy',
metrics=['accuracy'])","2 CNN inputs 3,3 conv filters - base model, no denoising, na=0"
2017_12_21_15_46_34,34,0.1878286262518143,0.1454622901431592,0.9211618259734633,0.943850266529702,25,0.925311201835569,0.17655164489452851,0.22201566911337287,0.9304812835287071,/iceberg/Statoil-C-CORE-Iceberg-Classifier-Challenge\models\model.CNN_2017_12_21_v1_2017_12_21_15_46_34.hdf5,/iceberg/Statoil-C-CORE-Iceberg-Classifier-Challenge\models\weights.CNN_2017_12_21_v1_2017_12_21_15_46_34.hdf5,"
def InputBlock(x, dropout=0.2, prefix=''):
    #conv layers for input
    x = BatchNormalization()(x)
    x = Conv2D(64, (3,3), activation='relu')(x)
    x = MaxPooling2D((2, 2), strides=(2, 2))(x)
    x = BatchNormalization()(x)
    x = Dropout(dropout)(x) 
    return(x)

main_input = Input(shape=(75,75,2), name='main_input')
aux_input = Input(shape=(75,75,3), name='aux_input')
denoise_input = Input(shape=(75,75,4), name='denoise_input')
#aux_input_nn = Input(shape=(75,75,4), name='aux_input_nn')

x1 = InputBlock(main_input, prefix='m_input')
x2 = InputBlock(aux_input, prefix='a_input')
x3 = InputBlock(denoise_input, prefix='d_input')
#x3 = model_denoise(aux_input_nn)
#x3 = InputBlock(x3,dropout=0.2, prefix='a_input_nn')
=======
aux_input_nn = Input(shape=(75,75,4), name='aux_input_nn')

x1 = InputBlock(main_input, prefix='m_input')
x2 = InputBlock(aux_input, prefix='a_input')
x3 = model_denoise(aux_input_nn)
x3 = InputBlock(x3,dropout=0.2, prefix='a_input_nn')
>>>>>>> 385f2bd391011f91a735b79839dbd76c30dfe743

x = Concatenate(axis=3)([x1,x2,x3])
#x = BatchNormalization()(x)
#x = Dropout(0.2)(x)

#conv-block
x = Conv2D(128, (3, 3), activation='relu')(x)
x = MaxPooling2D((2, 2), strides=(2, 2))(x)
x = BatchNormalization()(x)
x = Dropout(0.2)(x)

#conv-block
x = Conv2D(256, (3, 3), activation='relu')(x)
x = MaxPooling2D((2, 2), strides=(2, 2))(x)
x = BatchNormalization()(x)
x = Dropout(0.2)(x)
    
#flatten
x = Flatten()(x)
angle_input = Input(shape=[1], name='angle_input')
#x1 = BatchNormalization()(angle_input)
merged = Concatenate()([x, angle_input])

#dense-block
x = Dense(513, activation='relu')(merged)
x = BatchNormalization()(x)
x = Dropout(0.2)(x)

#dense-block
x = Dense(256, activation='relu')(x)
x = BatchNormalization()(x)
x = Dropout(0.2)(x)

main_output = Dense(1, activation='sigmoid', name='main_output')(x)
model_f = Model(inputs=[main_input,aux_input, 
<<<<<<< HEAD
                        #aux_input_nn,
                        denoise_input,
=======
                        aux_input_nn, 
>>>>>>> 385f2bd391011f91a735b79839dbd76c30dfe743
                        angle_input], 
                        outputs=[main_output])

model_f.compile(optimizer=Adam(lr=0.001, beta_1=0.9, beta_2=0.999, epsilon=1e-08, decay=0),
loss='binary_crossentropy',
<<<<<<< HEAD
metrics=['accuracy'])","2 CNN inputs 3,3 conv filters - denoising, na=0"
=======
metrics=['accuracy'])","2 CNN inputs 3,3 conv filters - 3rd input nn denoising, na=0"
>>>>>>> 385f2bd391011f91a735b79839dbd76c30dfe743
